{"latitude":42.361145,"longitude":-71.057083,"timezone":"America/New_York","currently":{"time":1520134478,"summary":"Mostly Cloudy","icon":"partly-cloudy-night","nearestStormDistance":6,"nearestStormBearing":101,"precipIntensity":0.012,"precipProbability":0,"temperature":40.46,"apparentTemperature":34.24,"dewPoint":27.15,"humidity":0.59,"pressure":1017.3,"windSpeed":9.93,"windGust":16.36,"windBearing":8,"cloudCover":0.72,"uvIndex":0,"visibility":9.02,"ozone":372.82},"minutely":{"summary":"Mostly cloudy for the hour.","icon":"partly-cloudy-night","data":[{"time":1520134440,"precipIntensity":0,"precipProbability":0},{"time":1520134500,"precipIntensity":0,"precipProbability":0},{"time":1520134560,"precipIntensity":0,"precipProbability":0},{"time":1520134620,"precipIntensity":0,"precipProbability":0},{"time":1520134680,"precipIntensity":0,"precipProbability":0},{"time":1520134740,"precipIntensity":0,"precipProbability":0},{"time":1520134800,"precipIntensity":0,"precipProbability":0},{"time":1520134860,"precipIntensity":0,"precipProbability":0},{"time":1520134920,"precipIntensity":0,"precipProbability":0},{"time":1520134980,"precipIntensity":0,"precipProbability":0},{"time":1520135040,"precipIntensity":0,"precipProbability":0},{"time":1520135100,"precipIntensity":0,"precipProbability":0},{"time":1520135160,"precipIntensity":0,"precipProbability":0},{"time":1520135220,"precipIntensity":0,"precipProbability":0},{"time":1520135280,"precipIntensity":0,"precipProbability":0},{"time":1520135340,"precipIntensity":0,"precipProbability":0},{"time":1520135400,"precipIntensity":0,"precipProbability":0},{"time":1520135460,"precipIntensity":0,"precipProbability":0},{"time":1520135520,"precipIntensity":0,"precipProbability":0},{"time":1520135580,"precipIntensity":0,"precipProbability":0},{"time":1520135640,"precipIntensity":0,"precipProbability":0},{"time":1520135700,"precipIntensity":0,"precipProbability":0},{"time":1520135760,"precipIntensity":0,"precipProbability":0},{"time":1520135820,"precipIntensity":0,"precipProbability":0},{"time":1520135880,"precipIntensity":0,"precipProbability":0},{"time":1520135940,"precipIntensity":0,"precipProbability":0},{"time":1520136000,"precipIntensity":0,"precipProbability":0},{"time":1520136060,"precipIntensity":0,"precipProbability":0},{"time":1520136120,"precipIntensity":0,"precipProbability":0},{"time":1520136180,"precipIntensity":0,"precipProbability":0},{"time":1520136240,"precipIntensity":0,"precipProbability":0},{"time":1520136300,"precipIntensity":0,"precipProbability":0},{"time":1520136360,"precipIntensity":0,"precipProbability":0},{"time":1520136420,"precipIntensity":0,"precipProbability":0},{"time":1520136480,"precipIntensity":0,"precipProbability":0},{"time":1520136540,"precipIntensity":0,"precipProbability":0},{"time":1520136600,"precipIntensity":0,"precipProbability":0},{"time":1520136660,"precipIntensity":0,"precipProbability":0},{"time":1520136720,"precipIntensity":0,"precipProbability":0},{"time":1520136780,"precipIntensity":0,"precipProbability":0},{"time":1520136840,"precipIntensity":0,"precipProbability":0},{"time":1520136900,"precipIntensity":0,"precipProbability":0},{"time":1520136960,"precipIntensity":0,"precipProbability":0},{"time":1520137020,"precipIntensity":0,"precipProbability":0},{"time":1520137080,"precipIntensity":0,"precipProbability":0},{"time":1520137140,"precipIntensity":0,"precipProbability":0},{"time":1520137200,"precipIntensity":0,"precipProbability":0},{"time":1520137260,"precipIntensity":0,"precipProbability":0},{"time":1520137320,"precipIntensity":0,"precipProbability":0},{"time":1520137380,"precipIntensity":0,"precipProbability":0},{"time":1520137440,"precipIntensity":0,"precipProbability":0},{"time":1520137500,"precipIntensity":0,"precipProbability":0},{"time":1520137560,"precipIntensity":0,"precipProbability":0},{"time":1520137620,"precipIntensity":0,"precipProbability":0},{"time":1520137680,"precipIntensity":0,"precipProbability":0},{"time":1520137740,"precipIntensity":0,"precipProbability":0},{"time":1520137800,"precipIntensity":0,"precipProbability":0},{"time":1520137860,"precipIntensity":0,"precipProbability":0},{"time":1520137920,"precipIntensity":0,"precipProbability":0},{"time":1520137980,"precipIntensity":0,"precipProbability":0},{"time":1520138040,"precipIntensity":0,"precipProbability":0}]},"hourly":{"summary":"Mostly cloudy throughout the day.","icon":"partly-cloudy-day","data":[{"time":1520132400,"summary":"Mostly Cloudy","icon":"partly-cloudy-night","precipIntensity":0.0001,"precipProbability":0.01,"precipType":"rain","temperature":40.75,"apparentTemperature":35.2,"dewPoint":26.21,"humidity":0.56,"pressure":1017.35,"windSpeed":8.61,"windGust":13.73,"windBearing":8,"cloudCover":0.71,"uvIndex":0,"visibility":8.41,"ozone":371.41},{"time":1520136000,"summary":"Mostly Cloudy","icon":"partly-cloudy-night","precipIntensity":0,"precipProbability":0,"temperature":40.24,"apparentTemperature":33.57,"dewPoint":27.8,"humidity":0.61,"pressure":1017.26,"windSpeed":10.89,"windGust":18.27,"windBearing":8,"cloudCover":0.72,"uvIndex":0,"visibility":9.47,"ozone":373.86},{"time":1520139600,"summary":"Mostly Cloudy","icon":"partly-cloudy-night","precipIntensity":0.0013,"precipProbability":0.06,"precipType":"rain","temperature":39.27,"apparentTemperature":31.33,"dewPoint":29.08,"humidity":0.67,"pressure":1017.22,"windSpeed":13.68,"windGust":25.56,"windBearing":8,"cloudCover":0.65,"uvIndex":0,"visibility":10,"ozone":377.02},{"time":1520143200,"summary":"Mostly Cloudy","icon":"partly-cloudy-night","precipIntensity":0.002,"precipProbability":0.08,"precipType":"rain","temperature":38.73,"apparentTemperature":30.39,"dewPoint":30.13,"humidity":0.71,"pressure":1017.26,"windSpeed":14.46,"windGust":25.46,"windBearing":10,"cloudCover":0.82,"uvIndex":0,"visibility":10,"ozone":380.35},{"time":1520146800,"summary":"Mostly Cloudy","icon":"partly-cloudy-night","precipIntensity":0.0022,"precipProbability":0.08,"precipType":"rain","temperature":38.07,"apparentTemperature":29.44,"dewPoint":30.16,"humidity":0.73,"pressure":1017.13,"windSpeed":14.77,"windGust":27.31,"windBearing":9,"cloudCover":0.89,"uvIndex":0,"visibility":10,"ozone":383.91},{"time":1520150400,"summary":"Mostly Cloudy","icon":"partly-cloudy-night","precipIntensity":0.0039,"precipProbability":0.11,"precipType":"rain","temperature":37.42,"apparentTemperature":28.76,"dewPoint":30.03,"humidity":0.74,"pressure":1017.05,"windSpeed":14.29,"windGust":25.27,"windBearing":7,"cloudCover":0.93,"uvIndex":0,"visibility":10,"ozone":387.73},{"time":1520154000,"summary":"Overcast","icon":"cloudy","precipIntensity":0.0012,"precipProbability":0.06,"precipType":"rain","temperature":36.99,"apparentTemperature":28.27,"dewPoint":29.48,"humidity":0.74,"pressure":1017.07,"windSpeed":14.12,"windGust":24.85,"windBearing":7,"cloudCover":0.99,"uvIndex":0,"visibility":10,"ozone":391.24},{"time":1520157600,"summary":"Overcast","icon":"cloudy","precipIntensity":0.0008,"precipProbability":0.05,"precipType":"rain","temperature":36.51,"apparentTemperature":27.68,"dewPoint":28.97,"humidity":0.74,"pressure":1017.03,"windSpeed":14.09,"windGust":25.49,"windBearing":7,"cloudCover":0.98,"uvIndex":0,"visibility":10,"ozone":394.43},{"time":1520161200,"summary":"Overcast","icon":"cloudy","precipIntensity":0.0007,"precipProbability":0.04,"precipType":"rain","temperature":36.17,"apparentTemperature":27.28,"dewPoint":28.46,"humidity":0.73,"pressure":1017.3,"windSpeed":13.98,"windGust":25.7,"windBearing":7,"cloudCover":0.96,"uvIndex":0,"visibility":10,"ozone":397.4},{"time":1520164800,"summary":"Overcast","icon":"cloudy","precipIntensity":0.0008,"precipProbability":0.04,"precipAccumulation":0.006,"precipType":"snow","temperature":36.28,"apparentTemperature":27.63,"dewPoint":28.05,"humidity":0.72,"pressure":1017.43,"windSpeed":13.42,"windGust":25.57,"windBearing":8,"cloudCover":0.94,"uvIndex":0,"visibility":10,"ozone":399.56},{"time":1520168400,"summary":"Overcast","icon":"cloudy","precipIntensity":0.0005,"precipProbability":0.04,"precipType":"rain","temperature":37.01,"apparentTemperature":28.62,"dewPoint":27.77,"humidity":0.69,"pressure":1017.43,"windSpeed":13.21,"windGust":24.08,"windBearing":6,"cloudCover":0.95,"uvIndex":0,"visibility":10,"ozone":400.33},{"time":1520172000,"summary":"Overcast","icon":"cloudy","precipIntensity":0.0011,"precipProbability":0.06,"precipType":"rain","temperature":38.09,"apparentTemperature":30.07,"dewPoint":27.86,"humidity":0.66,"pressure":1017.37,"windSpeed":13.01,"windGust":22.53,"windBearing":6,"cloudCover":0.95,"uvIndex":1,"visibility":10,"ozone":400.48},{"time":1520175600,"summary":"Overcast","icon":"cloudy","precipIntensity":0.0007,"precipProbability":0.05,"precipType":"rain","temperature":39.48,"apparentTemperature":31.78,"dewPoint":27.53,"humidity":0.62,"pressure":1017.31,"windSpeed":13.11,"windGust":21.23,"windBearing":5,"cloudCover":0.98,"uvIndex":1,"visibility":10,"ozone":401.37},{"time":1520179200,"summary":"Overcast","icon":"cloudy","precipIntensity":0.0008,"precipProbability":0.05,"precipType":"rain","temperature":40.27,"apparentTemperature":33,"dewPoint":27.5,"humidity":0.6,"pressure":1016.92,"windSpeed":12.49,"windGust":20.33,"windBearing":7,"cloudCover":0.98,"uvIndex":2,"visibility":10,"ozone":404.01},{"time":1520182800,"summary":"Overcast","icon":"cloudy","precipIntensity":0.0007,"precipProbability":0.06,"precipType":"rain","temperature":41.53,"apparentTemperature":34.69,"dewPoint":27.18,"humidity":0.56,"pressure":1016.63,"windSpeed":12.22,"windGust":19.56,"windBearing":10,"cloudCover":0.99,"uvIndex":2,"visibility":10,"ozone":407.42},{"time":1520186400,"summary":"Overcast","icon":"cloudy","precipIntensity":0.0007,"precipProbability":0.06,"precipType":"rain","temperature":42.2,"apparentTemperature":35.67,"dewPoint":27.11,"humidity":0.55,"pressure":1016.24,"windSpeed":11.84,"windGust":18.91,"windBearing":13,"cloudCover":0.99,"uvIndex":1,"visibility":10,"ozone":410.22},{"time":1520190000,"summary":"Overcast","icon":"cloudy","precipIntensity":0.0007,"precipProbability":0.05,"precipType":"rain","temperature":42.52,"apparentTemperature":36.1,"dewPoint":27.29,"humidity":0.55,"pressure":1015.83,"windSpeed":11.75,"windGust":18.3,"windBearing":17,"cloudCover":0.99,"uvIndex":1,"visibility":10,"ozone":412.08},{"time":1520193600,"summary":"Overcast","icon":"cloudy","precipIntensity":0.0009,"precipProbability":0.06,"precipType":"rain","temperature":42.26,"apparentTemperature":35.74,"dewPoint":27.56,"humidity":0.56,"pressure":1015.4,"windSpeed":11.84,"windGust":17.83,"windBearing":20,"cloudCover":1,"uvIndex":1,"visibility":10,"ozone":413.31},{"time":1520197200,"summary":"Overcast","icon":"cloudy","precipIntensity":0.0011,"precipProbability":0.07,"precipType":"rain","temperature":41.55,"apparentTemperature":34.8,"dewPoint":27.7,"humidity":0.58,"pressure":1015.16,"windSpeed":11.98,"windGust":17.94,"windBearing":21,"cloudCover":1,"uvIndex":0,"visibility":10,"ozone":413.91},{"time":1520200800,"summary":"Overcast","icon":"cloudy","precipIntensity":0.0015,"precipProbability":0.09,"precipType":"rain","temperature":40.22,"apparentTemperature":33.1,"dewPoint":27.53,"humidity":0.6,"pressure":1015.31,"windSpeed":12.06,"windGust":19,"windBearing":19,"cloudCover":0.97,"uvIndex":0,"visibility":10,"ozone":413.58},{"time":1520204400,"summary":"Overcast","icon":"cloudy","precipIntensity":0.0025,"precipProbability":0.11,"precipAccumulation":0.019,"precipType":"snow","temperature":38.74,"apparentTemperature":31.24,"dewPoint":27.4,"humidity":0.63,"pressure":1015.61,"windSpeed":12.06,"windGust":20.53,"windBearing":16,"cloudCover":0.94,"uvIndex":0,"visibility":10,"ozone":412.66},{"time":1520208000,"summary":"Mostly Cloudy","icon":"partly-cloudy-night","precipIntensity":0.0031,"precipProbability":0.13,"precipAccumulation":0.024,"precipType":"snow","temperature":37.36,"apparentTemperature":29.51,"dewPoint":27.51,"humidity":0.67,"pressure":1015.84,"windSpeed":12.04,"windGust":21.81,"windBearing":12,"cloudCover":0.92,"uvIndex":0,"visibility":10,"ozone":411.86},{"time":1520211600,"summary":"Overcast","icon":"cloudy","precipIntensity":0.0021,"precipProbability":0.12,"precipAccumulation":0.016,"precipType":"snow","temperature":36.58,"apparentTemperature":28.47,"dewPoint":27.75,"humidity":0.7,"pressure":1015.9,"windSpeed":12.19,"windGust":22.72,"windBearing":9,"cloudCover":0.94,"uvIndex":0,"visibility":10,"ozone":411.78},{"time":1520215200,"summary":"Overcast","icon":"cloudy","precipIntensity":0.0008,"precipProbability":0.09,"precipAccumulation":0.006,"precipType":"snow","temperature":36.15,"apparentTemperature":27.83,"dewPoint":28,"humidity":0.72,"pressure":1015.87,"windSpeed":12.43,"windGust":23.53,"windBearing":5,"cloudCover":0.97,"uvIndex":0,"visibility":10,"ozone":411.97},{"time":1520218800,"summary":"Overcast","icon":"cloudy","precipIntensity":0.0006,"precipProbability":0.08,"precipAccumulation":0.005,"precipType":"snow","temperature":36.02,"apparentTemperature":27.57,"dewPoint":28.23,"humidity":0.73,"pressure":1015.71,"windSpeed":12.69,"windGust":24.33,"windBearing":2,"cloudCover":1,"uvIndex":0,"visibility":10,"ozone":411.78},{"time":1520222400,"summary":"Overcast","icon":"cloudy","precipIntensity":0.0027,"precipProbability":0.17,"precipAccumulation":0.021,"precipType":"snow","temperature":36.1,"apparentTemperature":27.56,"dewPoint":28.49,"humidity":0.74,"pressure":1015.28,"windSpeed":12.95,"windGust":25.22,"windBearing":0,"cloudCover":1,"uvIndex":0,"visibility":10,"ozone":410.93},{"time":1520226000,"summary":"Overcast","icon":"cloudy","precipIntensity":0.0099,"precipProbability":0.27,"precipType":"rain","temperature":36.07,"apparentTemperature":27.42,"dewPoint":28.74,"humidity":0.74,"pressure":1014.71,"windSpeed":13.25,"windGust":26.09,"windBearing":0,"cloudCover":1,"uvIndex":0,"visibility":8.07,"ozone":409.7},{"time":1520229600,"summary":"Overcast","icon":"cloudy","precipIntensity":0.0172,"precipProbability":0.32,"precipType":"rain","temperature":35.97,"apparentTemperature":27.18,"dewPoint":28.91,"humidity":0.75,"pressure":1014.27,"windSpeed":13.58,"windGust":26.83,"windBearing":0,"cloudCover":1,"uvIndex":0,"visibility":5.64,"ozone":408.65},{"time":1520233200,"summary":"Overcast","icon":"cloudy","precipIntensity":0.017,"precipProbability":0.32,"precipType":"rain","temperature":35.81,"apparentTemperature":26.84,"dewPoint":28.97,"humidity":0.76,"pressure":1014.03,"windSpeed":13.93,"windGust":27.44,"windBearing":1,"cloudCover":1,"uvIndex":0,"visibility":6.5,"ozone":407.86},{"time":1520236800,"summary":"Possible Light Snow","icon":"snow","precipIntensity":0.0138,"precipProbability":0.29,"precipAccumulation":0.105,"precipType":"snow","temperature":35.65,"apparentTemperature":26.52,"dewPoint":28.96,"humidity":0.76,"pressure":1013.91,"windSpeed":14.27,"windGust":27.91,"windBearing":2,"cloudCover":1,"uvIndex":0,"visibility":8.96,"ozone":407.18},{"time":1520240400,"summary":"Possible Light Snow","icon":"snow","precipIntensity":0.0116,"precipProbability":0.27,"precipAccumulation":0.088,"precipType":"snow","temperature":35.65,"apparentTemperature":26.43,"dewPoint":28.92,"humidity":0.76,"pressure":1013.96,"windSpeed":14.53,"windGust":28.18,"windBearing":3,"cloudCover":1,"uvIndex":0,"visibility":10,"ozone":406.77},{"time":1520244000,"summary":"Overcast","icon":"cloudy","precipIntensity":0.01,"precipProbability":0.25,"precipAccumulation":0.076,"precipType":"snow","temperature":35.83,"apparentTemperature":26.63,"dewPoint":28.88,"humidity":0.76,"pressure":1014.27,"windSpeed":14.6,"windGust":28.24,"windBearing":5,"cloudCover":1,"uvIndex":0,"visibility":10,"ozone":406.7},{"time":1520247600,"summary":"Overcast","icon":"cloudy","precipIntensity":0.0083,"precipProbability":0.21,"precipAccumulation":0.063,"precipType":"snow","temperature":36.08,"apparentTemperature":26.95,"dewPoint":28.81,"humidity":0.75,"pressure":1014.74,"windSpeed":14.59,"windGust":28.12,"windBearing":6,"cloudCover":1,"uvIndex":0,"visibility":9.09,"ozone":406.9},{"time":1520251200,"summary":"Overcast","icon":"cloudy","precipIntensity":0.0067,"precipProbability":0.19,"precipAccumulation":0.051,"precipType":"snow","temperature":36.49,"apparentTemperature":27.46,"dewPoint":28.79,"humidity":0.73,"pressure":1015.17,"windSpeed":14.62,"windGust":27.91,"windBearing":8,"cloudCover":1,"uvIndex":0,"visibility":8.83,"ozone":407.16},{"time":1520254800,"summary":"Overcast","icon":"cloudy","precipIntensity":0.0046,"precipProbability":0.16,"precipAccumulation":0.035,"precipType":"snow","temperature":37.2,"apparentTemperature":28.3,"dewPoint":28.81,"humidity":0.71,"pressure":1015.55,"windSpeed":14.85,"windGust":27.67,"windBearing":10,"cloudCover":1,"uvIndex":0,"visibility":10,"ozone":407.38},{"time":1520258400,"summary":"Overcast","icon":"cloudy","precipIntensity":0.0027,"precipProbability":0.13,"precipType":"rain","temperature":38,"apparentTemperature":29.24,"dewPoint":28.89,"humidity":0.69,"pressure":1015.92,"windSpeed":15.13,"windGust":27.33,"windBearing":12,"cloudCover":1,"uvIndex":1,"visibility":10,"ozone":407.68},{"time":1520262000,"summary":"Overcast","icon":"cloudy","precipIntensity":0.0015,"precipProbability":0.11,"precipType":"rain","temperature":38.82,"apparentTemperature":30.24,"dewPoint":28.89,"humidity":0.67,"pressure":1016.1,"windSpeed":15.27,"windGust":26.73,"windBearing":14,"cloudCover":1,"uvIndex":1,"visibility":10,"ozone":407.78},{"time":1520265600,"summary":"Overcast","icon":"cloudy","precipIntensity":0.0008,"precipProbability":0.08,"precipType":"rain","temperature":39.6,"apparentTemperature":31.26,"dewPoint":28.82,"humidity":0.65,"pressure":1015.99,"windSpeed":15.2,"windGust":25.64,"windBearing":17,"cloudCover":1,"uvIndex":2,"visibility":10,"ozone":407.37},{"time":1520269200,"summary":"Overcast","icon":"cloudy","precipIntensity":0.0004,"precipProbability":0.06,"precipType":"rain","temperature":40.54,"apparentTemperature":32.54,"dewPoint":28.69,"humidity":0.62,"pressure":1015.7,"windSpeed":14.96,"windGust":24.24,"windBearing":20,"cloudCover":1,"uvIndex":2,"visibility":10,"ozone":406.78},{"time":1520272800,"summary":"Overcast","icon":"cloudy","precipIntensity":0.0003,"precipProbability":0.03,"precipType":"rain","temperature":41.45,"apparentTemperature":33.79,"dewPoint":28.51,"humidity":0.6,"pressure":1015.46,"windSpeed":14.66,"windGust":22.94,"windBearing":22,"cloudCover":1,"uvIndex":2,"visibility":10,"ozone":406.64},{"time":1520276400,"summary":"Overcast","icon":"cloudy","precipIntensity":0.0001,"precipProbability":0.03,"precipType":"rain","temperature":42.65,"apparentTemperature":35.46,"dewPoint":28.36,"humidity":0.57,"pressure":1015.31,"windSpeed":14.23,"windGust":21.73,"windBearing":22,"cloudCover":0.99,"uvIndex":1,"visibility":10,"ozone":407.35},{"time":1520280000,"summary":"Overcast","icon":"cloudy","precipIntensity":0.0001,"precipProbability":0.04,"precipType":"rain","temperature":43.57,"apparentTemperature":36.78,"dewPoint":28.16,"humidity":0.54,"pressure":1015.21,"windSpeed":13.7,"windGust":20.62,"windBearing":22,"cloudCover":0.98,"uvIndex":1,"visibility":10,"ozone":408.56},{"time":1520283600,"summary":"Overcast","icon":"cloudy","precipIntensity":0.0002,"precipProbability":0.04,"precipType":"rain","temperature":43.88,"apparentTemperature":37.34,"dewPoint":27.96,"humidity":0.53,"pressure":1015.24,"windSpeed":13.2,"windGust":19.9,"windBearing":21,"cloudCover":0.97,"uvIndex":0,"visibility":10,"ozone":409.63},{"time":1520287200,"summary":"Mostly Cloudy","icon":"partly-cloudy-day","precipIntensity":0.0002,"precipProbability":0.04,"precipType":"rain","temperature":43.19,"apparentTemperature":36.61,"dewPoint":27.77,"humidity":0.54,"pressure":1015.54,"windSpeed":12.76,"windGust":19.87,"windBearing":20,"cloudCover":0.9,"uvIndex":0,"visibility":10,"ozone":410.38},{"time":1520290800,"summary":"Mostly Cloudy","icon":"partly-cloudy-night","precipIntensity":0.0002,"precipProbability":0.04,"precipType":"rain","temperature":41.89,"apparentTemperature":35.1,"dewPoint":27.55,"humidity":0.56,"pressure":1015.94,"windSpeed":12.36,"windGust":20.24,"windBearing":18,"cloudCover":0.82,"uvIndex":0,"visibility":10,"ozone":411.03},{"time":1520294400,"summary":"Mostly Cloudy","icon":"partly-cloudy-night","precipIntensity":0.0002,"precipProbability":0.04,"precipType":"rain","temperature":40.37,"apparentTemperature":33.29,"dewPoint":27.33,"humidity":0.59,"pressure":1016.3,"windSpeed":12.07,"windGust":20.57,"windBearing":17,"cloudCover":0.77,"uvIndex":0,"visibility":10,"ozone":411.92},{"time":1520298000,"summary":"Mostly Cloudy","icon":"partly-cloudy-night","precipIntensity":0.0001,"precipProbability":0.04,"precipType":"rain","temperature":39.31,"apparentTemperature":32.01,"dewPoint":27.1,"humidity":0.61,"pressure":1016.58,"windSpeed":11.9,"windGust":20.67,"windBearing":16,"cloudCover":0.79,"uvIndex":0,"visibility":10,"ozone":413.02},{"time":1520301600,"summary":"Mostly Cloudy","icon":"partly-cloudy-night","precipIntensity":0.0001,"precipProbability":0.02,"precipType":"rain","temperature":38.44,"apparentTemperature":30.97,"dewPoint":26.85,"humidity":0.63,"pressure":1016.8,"windSpeed":11.79,"windGust":20.72,"windBearing":14,"cloudCover":0.85,"uvIndex":0,"visibility":10,"ozone":414.29},{"time":1520305200,"summary":"Mostly Cloudy","icon":"partly-cloudy-night","precipIntensity":0.0001,"precipProbability":0.02,"precipType":"rain","temperature":37.96,"apparentTemperature":30.43,"dewPoint":26.67,"humidity":0.63,"pressure":1016.87,"windSpeed":11.61,"windGust":20.7,"windBearing":13,"cloudCover":0.88,"uvIndex":0,"visibility":10,"ozone":415.86}]},"daily":{"summary":"Rain on Monday through Thursday, with temperatures rising to 48°F next Saturday.","icon":"rain","data":[{"time":1520053200,"summary":"Mostly cloudy throughout the day.","icon":"partly-cloudy-day","sunriseTime":1520075844,"sunsetTime":1520116661,"moonPhase":0.56,"precipIntensity":0.0005,"precipIntensityMax":0.0075,"precipIntensityMaxTime":1520053200,"precipProbability":0.64,"precipType":"rain","temperatureHigh":42.8,"temperatureHighTime":1520103600,"temperatureLow":36.17,"temperatureLowTime":1520161200,"apparentTemperatureHigh":36.6,"apparentTemperatureHighTime":1520110800,"apparentTemperatureLow":27.28,"apparentTemperatureLowTime":1520161200,"dewPoint":27.43,"humidity":0.59,"pressure":1012.96,"windSpeed":10.35,"windGust":27.26,"windGustTime":1520053200,"windBearing":20,"cloudCover":0.82,"uvIndex":2,"uvIndexTime":1520092800,"visibility":9.28,"ozone":367.98,"temperatureMin":37.82,"temperatureMinTime":1520074800,"temperatureMax":42.8,"temperatureMaxTime":1520103600,"apparentTemperatureMin":29.93,"apparentTemperatureMinTime":1520074800,"apparentTemperatureMax":36.67,"apparentTemperatureMaxTime":1520125200},{"time":1520139600,"summary":"Overcast throughout the day.","icon":"cloudy","sunriseTime":1520162145,"sunsetTime":1520203133,"moonPhase":0.6,"precipIntensity":0.0014,"precipIntensityMax":0.0039,"precipIntensityMaxTime":1520150400,"precipProbability":0.4,"precipType":"rain","temperatureHigh":42.52,"temperatureHighTime":1520190000,"temperatureLow":35.65,"temperatureLowTime":1520236800,"apparentTemperatureHigh":36.1,"apparentTemperatureHighTime":1520190000,"apparentTemperatureLow":26.43,"apparentTemperatureLowTime":1520240400,"dewPoint":28.2,"humidity":0.66,"pressure":1016.47,"windSpeed":12.89,"windGust":27.31,"windGustTime":1520146800,"windBearing":9,"cloudCover":0.95,"uvIndex":2,"uvIndexTime":1520179200,"visibility":10,"ozone":402.47,"temperatureMin":36.02,"temperatureMinTime":1520218800,"temperatureMax":42.52,"temperatureMaxTime":1520190000,"apparentTemperatureMin":27.28,"apparentTemperatureMinTime":1520161200,"apparentTemperatureMax":36.1,"apparentTemperatureMaxTime":1520190000},{"time":1520226000,"summary":"Mostly cloudy throughout the day.","icon":"partly-cloudy-day","sunriseTime":1520248446,"sunsetTime":1520289604,"moonPhase":0.63,"precipIntensity":0.0044,"precipIntensityMax":0.0172,"precipIntensityMaxTime":1520229600,"precipProbability":0.62,"precipType":"rain","temperatureHigh":43.88,"temperatureHighTime":1520283600,"temperatureLow":33.5,"temperatureLowTime":1520334000,"apparentTemperatureHigh":37.34,"apparentTemperatureHighTime":1520283600,"apparentTemperatureLow":25.71,"apparentTemperatureLowTime":1520334000,"dewPoint":28.25,"humidity":0.66,"pressure":1015.43,"windSpeed":13.57,"windGust":28.24,"windGustTime":1520244000,"windBearing":12,"cloudCover":0.95,"uvIndex":2,"uvIndexTime":1520265600,"visibility":10,"ozone":409.37,"temperatureMin":35.65,"temperatureMinTime":1520236800,"temperatureMax":43.88,"temperatureMaxTime":1520283600,"apparentTemperatureMin":26.43,"apparentTemperatureMinTime":1520240400,"apparentTemperatureMax":37.34,"apparentTemperatureMaxTime":1520283600},{"time":1520312400,"summary":"Mostly cloudy throughout the day.","icon":"partly-cloudy-day","sunriseTime":1520334746,"sunsetTime":1520376076,"moonPhase":0.66,"precipIntensity":0.0002,"precipIntensityMax":0.0005,"precipIntensityMaxTime":1520380800,"precipProbability":0.18,"precipType":"rain","temperatureHigh":43.4,"temperatureHighTime":1520366400,"temperatureLow":36.01,"temperatureLowTime":1520391600,"apparentTemperatureHigh":38.9,"apparentTemperatureHighTime":1520366400,"apparentTemperatureLow":31.62,"apparentTemperatureLowTime":1520388000,"dewPoint":25.98,"humidity":0.63,"pressure":1015.86,"windSpeed":7.79,"windGust":20.64,"windGustTime":1520312400,"windBearing":19,"cloudCover":0.78,"uvIndex":2,"uvIndexTime":1520352000,"visibility":10,"ozone":391.66,"temperatureMin":33.5,"temperatureMinTime":1520334000,"temperatureMax":43.4,"temperatureMaxTime":1520366400,"apparentTemperatureMin":25.71,"apparentTemperatureMinTime":1520334000,"apparentTemperatureMax":38.9,"apparentTemperatureMaxTime":1520366400},{"time":1520398800,"summary":"Rain starting in the evening.","icon":"rain","sunriseTime":1520421045,"sunsetTime":1520462547,"moonPhase":0.7,"precipIntensity":0.0287,"precipIntensityMax":0.133,"precipIntensityMaxTime":1520481600,"precipProbability":0.8,"precipType":"rain","temperatureHigh":41.87,"temperatureHighTime":1520438400,"temperatureLow":41.27,"temperatureLowTime":1520470800,"apparentTemperatureHigh":36.21,"apparentTemperatureHighTime":1520434800,"apparentTemperatureLow":33.04,"apparentTemperatureLowTime":1520470800,"dewPoint":33.42,"humidity":0.77,"pressure":1010.55,"windSpeed":10.03,"windGust":32.19,"windGustTime":1520481600,"windBearing":68,"cloudCover":0.98,"uvIndex":2,"uvIndexTime":1520438400,"visibility":10,"ozone":378.46,"temperatureMin":36.99,"temperatureMinTime":1520413200,"temperatureMax":42.78,"temperatureMaxTime":1520481600,"apparentTemperatureMin":31.86,"apparentTemperatureMinTime":1520416800,"apparentTemperatureMax":36.21,"apparentTemperatureMaxTime":1520434800},{"time":1520485200,"summary":"Rain in the morning.","icon":"rain","sunriseTime":1520507344,"sunsetTime":1520549017,"moonPhase":0.73,"precipIntensity":0.0474,"precipIntensityMax":0.1692,"precipIntensityMaxTime":1520488800,"precipProbability":0.96,"precipType":"rain","temperatureHigh":45.58,"temperatureHighTime":1520535600,"temperatureLow":36.34,"temperatureLowTime":1520593200,"apparentTemperatureHigh":41.7,"apparentTemperatureHighTime":1520539200,"apparentTemperatureLow":29.37,"apparentTemperatureLowTime":1520593200,"dewPoint":37.85,"humidity":0.8,"pressure":993.01,"windSpeed":7.59,"windGust":32.21,"windGustTime":1520485200,"windBearing":14,"cloudCover":0.86,"uvIndex":2,"uvIndexTime":1520524800,"ozone":404.78,"temperatureMin":39.88,"temperatureMinTime":1520568000,"temperatureMax":45.58,"temperatureMaxTime":1520535600,"apparentTemperatureMin":33.05,"apparentTemperatureMinTime":1520568000,"apparentTemperatureMax":41.7,"apparentTemperatureMaxTime":1520539200},{"time":1520571600,"summary":"Mostly cloudy starting in the afternoon.","icon":"partly-cloudy-night","sunriseTime":1520593642,"sunsetTime":1520635488,"moonPhase":0.76,"precipIntensity":0.0004,"precipIntensityMax":0.002,"precipIntensityMaxTime":1520571600,"precipProbability":0.28,"precipType":"rain","temperatureHigh":45.99,"temperatureHighTime":1520622000,"temperatureLow":35.41,"temperatureLowTime":1520676000,"apparentTemperatureHigh":40.8,"apparentTemperatureHighTime":1520622000,"apparentTemperatureLow":27.77,"apparentTemperatureLowTime":1520676000,"dewPoint":28.85,"humidity":0.64,"pressure":998.33,"windSpeed":9.78,"windGust":25.47,"windGustTime":1520654400,"windBearing":272,"cloudCover":0.45,"uvIndex":3,"uvIndexTime":1520611200,"ozone":441.08,"temperatureMin":36.34,"temperatureMinTime":1520593200,"temperatureMax":45.99,"temperatureMaxTime":1520622000,"apparentTemperatureMin":29.37,"apparentTemperatureMinTime":1520593200,"apparentTemperatureMax":40.8,"apparentTemperatureMaxTime":1520622000},{"time":1520658000,"summary":"Mostly cloudy starting in the afternoon.","icon":"partly-cloudy-night","sunriseTime":1520679940,"sunsetTime":1520721958,"moonPhase":0.79,"precipIntensity":0,"precipIntensityMax":0.0002,"precipIntensityMaxTime":1520658000,"precipProbability":0,"temperatureHigh":48.41,"temperatureHighTime":1520708400,"temperatureLow":34.44,"temperatureLowTime":1520762400,"apparentTemperatureHigh":44.27,"apparentTemperatureHighTime":1520708400,"apparentTemperatureLow":28.17,"apparentTemperatureLowTime":1520766000,"dewPoint":26.23,"humidity":0.57,"pressure":1008.34,"windSpeed":9.37,"windGust":27.75,"windGustTime":1520679600,"windBearing":288,"cloudCover":0.3,"uvIndex":3,"uvIndexTime":1520697600,"ozone":437.6,"temperatureMin":35.41,"temperatureMinTime":1520676000,"temperatureMax":48.41,"temperatureMaxTime":1520708400,"apparentTemperatureMin":27.77,"apparentTemperatureMinTime":1520676000,"apparentTemperatureMax":44.27,"apparentTemperatureMaxTime":1520708400}]},"alerts":[{"title":"Coastal Flood Advisory","regions":["Suffolk"],"severity":"advisory","time":1520134140,"expires":1520150400,"description":"...COASTAL FLOOD ADVISORY REMAINS IN EFFECT UNTIL 3 AM EST SUNDAY... * LOCATION...Boston Harbor including City of Boston shoreline. * TIDAL DEPARTURE...Storm surge of 2 to 2.5 feet. * TIMING...High tide tonight. There may also be lingering minor coastal flooding for the Sunday afternoon high tide as well. * COASTAL FLOOD IMPACTS...Minor coastal flooding of vulnerable areas, including but not limited to Morrissey Boulevard and the Long Wharf area, is expected. Water inundation up to a half foot is possible in the most vulnerable areas. * SHORELINE IMPACTS...Continued erosion may occur about the outer harbor and Broad Sound shoreline. && Time of high total tides are approximate to the nearest hour. Category thresholds are based on still water levels. Impacts may be greater, depending upon wave action. Boston Harbor MLLW Categories - Minor 12.5 FT, Moderate 15.0 FT, Major 16.0 FT MHHW Categories - Minor 2.4 FT, Moderate 4.9 FT, Major 5.9 FT Total Total Departure Day/Time Tide Tide from Norm Waves Flood ft MLLW ft MHHW ft ft Impact -------- --------- --------- --------- ------- -------- 04/01 AM 12.8/13.3 2.7/ 3.2 2.0/ 2.5 2 Minor 04/01 PM 12.3/12.8 2.2/ 2.7 1.3/ 1.8 2 Minor 05/01 AM 11.4/11.9 1.3/ 1.8 0.7/ 1.1 2 None 05/02 PM 11.0/11.5 0.9/ 1.4 0.5/ 1.0 2 None 06/02 AM 10.8/11.3 0.7/ 1.1 0.4/ 0.9 1 None 06/03 PM 10.0/10.5 -0.2/ 0.3 0.2/ 0.7 1 None Revere MLLW Categories - Minor 12.5 FT, Moderate 15.0 FT, Major 16.5 FT MHHW Categories - Minor 2.6 FT, Moderate 5.1 FT, Major 6.6 FT Total Total Departure Day/Time Tide Tide from Norm Waves Flood ft MLLW ft MHHW ft ft Impact -------- --------- --------- --------- ------- -------- 04/01 AM 12.8/13.3 2.8/ 3.4 2.0/ 2.5 12 Minor-Mdt 04/01 PM 12.2/12.7 2.2/ 2.7 1.3/ 1.8 10 Minor 05/01 AM 11.4/11.9 1.5/ 2.0 0.8/ 1.3 9 None 05/02 PM 11.1/11.6 1.2/ 1.7 0.7/ 1.1 10-11 None 06/02 AM 10.9/11.4 1.0/ 1.5 0.6/ 1.1 9-10 None 06/03 PM 10.1/10.6 0.2/ 0.7 0.4/ 0.9 7-8 None\n","uri":"https://alerts.weather.gov/cap/wwacapget.php?x=MA125A97DA7484.CoastalFloodAdvisory.125A97DB2C80MA.BOXCFWBOX.129fc00576208499dce78b8ab885582c"}],"flags":{"sources":["isd","nearest-precip","nwspa","cmc","gfs","hrrr","madis","nam","sref","darksky"],"isd-stations":["725059-14702","725059-99999","725088-54733","725088-99999","725090-14739","725097-14790","725098-54704","725098-99999","726054-99999","744900-14702","744907-14753","992420-99999","994971-99999","999999-14789","999999-14790","999999-94701"],"units":"us"},"offset":-5}